Workbook

Sheet Parameters
A1: Parameters
A3: Business Parameters
A4: Number of Maisons | B4: 10 | C4: Editable
A5: Number of Stores (all Maisons) | B5: 150 | C5: Editable
A6: Monthly Transactions / Maison | B6: 1000 | C6: Editable
A7: AI Fallback Rate | B7: 0.05 | C7: Editable (Deterministic Engine unmatched rate)
A9: Calculated Values
A10: Total Monthly Transactions | B10: =B4*B6 | C10: Maisons x Transactions/Maison
A11: Monthly AI Fallback Cases | B11: =B10*B7 | C11: Total Transactions x Fallback Rate
A13: Azure OpenAI Pay-As-You-Go Pricing (USD / 1M tokens)
A14: GPT-4.1 Input | B14: 2 | C14: Global Standard
A15: GPT-4.1 Output | B15: 8 | C15: Global Standard
A16: GPT-4.1 Cached Input | B16: 0.5 | C16: With Prompt Caching
A17: GPT-4o-mini Input | B17: 0.15 | C17: Global Standard
A18: GPT-4o-mini Output | B18: 0.6 | C18: Global Standard
A19: GPT-4o-mini Cached Input | B19: 0.075 | C19: With Prompt Caching
A20: text-embedding-3-small | B20: 0.02 | C20: Embedding generation
A22: Period Parameters
A23: PoC Development (months) | B23: 3 | C23: Editable
A24: PoC Volume Ratio | B24: 0.1 | C24: 10% of production volume
A25: PoC Iteration Multiplier | B25: 3 | C25: Prompt tuning & repeated testing
A26: Client Validation (months) | B26: 2 | C26: Editable
A27: Validation Volume Ratio | B27: 0.5 | C27: 50% of production volume
A28: Validation Iteration Multiplier | B28: 1.5 | C28: Fine-tuning iterations
A29: Production (months/year) | B29: 12
A31: Other
A32: USD/JPY Exchange Rate | B32: 150 | C32: Editable

Sheet AI Investigator
A1: AI Investigator
A2: Model: GPT-4o-mini | Role: Workflow control, investigation strategy routing
A4: Token Estimation
A5: Input Tokens / Call | B5: 500 | C5: Editable
A6: Output Tokens / Call | B6: 150 | C6: Editable
A7: Calls / Case | B7: 1 | C7: Editable
A9: Unit Cost Calculation
A10: Input Cost / Call (USD) | B10: =B5/1000000*'Parameters'!B17
A11: Output Cost / Call (USD) | B11: =B6/1000000*'Parameters'!B18
A12: Cost / Call (USD) | B12: =B10+B11
A13: Cost / Case (USD) | B13: =B12*B7
A14: Cost / Case (JPY) | B14: =B13*'Parameters'!B32
A16: Monthly Cost (Production Equivalent)
A17: Monthly AI Fallback Cases | B17: ='Parameters'!B11
A18: Monthly Cost (USD) | B18: =B13*B17
A19: Monthly Cost (JPY) | B19: =B18*'Parameters'!B32
A21: Cost by Period
A22: Period | B22: USD | C22: JPY
A23: PoC Development | B23: =B18*'Parameters'!B23*'Parameters'!B24*'Parameters'!B25 | C23: =B23*'Parameters'!B32
A24: Client Validation | B24: =B18*'Parameters'!B26*'Parameters'!B27*'Parameters'!B28 | C24: =B24*'Parameters'!B32
A25: Production (Annual) | B25: =B18*'Parameters'!B29 | C25: =B25*'Parameters'!B32
A26: Total | B26: =SUM(B23:B25) | C26: =SUM(C23:C25)
A28: Sample Prompt (Reference)
A29: You are an AI orchestrator for ERP-GL financial reconciliation.
A30: Analyze the following unmatched case and determine the investigation strategy.
A32: Case:
A33: - Source: POS TXN-2024-001234, ¥15,000, 2024-01-15, Store-045
A34: - GL: No exact match. Closest: JE-2024-5678, ¥14,985, 2024-01-16
A36: Determine:
A37: 1. Investigation paths to activate (RAG search, pattern analysis)
A38: 2. Priority level (high/medium/low)
A39: 3. Initial classification hypothesis

Sheet RAG Pipeline
A1: RAG Pipeline
A2: Model: text-embedding-3-small | Role: Embedding generation for vector search on historical cases
A4: Token Estimation
A5: Input Tokens / Call | B5: 300 | C5: Editable
A6: Output Tokens / Call | B6: 0 | C6: Editable
A7: Calls / Case | B7: 1 | C7: Editable
A9: Unit Cost Calculation
A10: Input Cost / Call (USD) | B10: =B5/1000000*'Parameters'!B20
A11: Output Cost / Call (USD) | B11: =0
A12: Cost / Call (USD) | B12: =B10+B11
A13: Cost / Case (USD) | B13: =B12*B7
A14: Cost / Case (JPY) | B14: =B13*'Parameters'!B32
A16: Monthly Cost (Production Equivalent)
A17: Monthly AI Fallback Cases | B17: ='Parameters'!B11
A18: Monthly Cost (USD) | B18: =B13*B17
A19: Monthly Cost (JPY) | B19: =B18*'Parameters'!B32
A21: Cost by Period
A22: Period | B22: USD | C22: JPY
A23: PoC Development | B23: =B18*'Parameters'!B23*'Parameters'!B24*'Parameters'!B25 | C23: =B23*'Parameters'!B32
A24: Client Validation | B24: =B18*'Parameters'!B26*'Parameters'!B27*'Parameters'!B28 | C24: =B24*'Parameters'!B32
A25: Production (Annual) | B25: =B18*'Parameters'!B29 | C25: =B25*'Parameters'!B32
A26: Total | B26: =SUM(B23:B25) | C26: =SUM(C23:C25)
A28: Sample Prompt (Reference)
A29: [Embedding Query Vector Generation]
A31: Unmatched reconciliation case:
A32: POS settlement transaction ¥15,000 vs GL entry ¥14,985.
A33: Date difference: 1 business day (2024-01-15 vs 2024-01-16).
A34: Store-045, Settlement category. Difference: ¥15 (0.1%).
A36: Search for similar historical resolution cases.

Sheet Root Cause Analysis
A1: Root Cause Analysis
A2: Model: GPT-4.1 | Role: Error pattern detection, root cause hypothesis, resolution proposal
A4: Token Estimation
A5: Input Tokens / Call | B5: 2000 | C5: Editable
A6: Output Tokens / Call | B6: 800 | C6: Editable
A7: Calls / Case | B7: 1 | C7: Editable
A9: Unit Cost Calculation
A10: Input Cost / Call (USD) | B10: =B5/1000000*'Parameters'!B14
A11: Output Cost / Call (USD) | B11: =B6/1000000*'Parameters'!B15
A12: Cost / Call (USD) | B12: =B10+B11
A13: Cost / Case (USD) | B13: =B12*B7
A14: Cost / Case (JPY) | B14: =B13*'Parameters'!B32
A16: Monthly Cost (Production Equivalent)
A17: Monthly AI Fallback Cases | B17: ='Parameters'!B11
A18: Monthly Cost (USD) | B18: =B13*B17
A19: Monthly Cost (JPY) | B19: =B18*'Parameters'!B32
A21: Cost by Period
A22: Period | B22: USD | C22: JPY
A23: PoC Development | B23: =B18*'Parameters'!B23*'Parameters'!B24*'Parameters'!B25 | C23: =B23*'Parameters'!B32
A24: Client Validation | B24: =B18*'Parameters'!B26*'Parameters'!B27*'Parameters'!B28 | C24: =B24*'Parameters'!B32
A25: Production (Annual) | B25: =B18*'Parameters'!B29 | C25: =B25*'Parameters'!B32
A26: Total | B26: =SUM(B23:B25) | C26: =SUM(C23:C25)
A28: Sample Prompt (Reference)
A29: You are a financial reconciliation expert analyzing an unmatched transaction.
A31: ## Case Details
A32: - Source: POS Settlement TXN-2024-001234
A33: Amount: ¥15,000 | Date: 2024-01-15 | Store: Store-045
A34: - Target (GL): Closest match JE-2024-5678
A35: Amount: ¥14,985 | Date: 2024-01-16
A36: - Difference: ¥15 (0.1%) | Date gap: 1 business day
A38: ## Similar Historical Cases (RAG Results)
A39: 1. Case #892 (95% similarity): T+1 settlement delay + rounding ¥15
A40: Resolution: Tolerance match, Finance approved
A41: 2. Case #456 (87% similarity): Fee calculation difference
... A48: 4. Confidence assessment rationale

Sheet Confidence Scorer
A1: Confidence Scorer
A2: Model: GPT-4o-mini | Role: Confidence scoring (0-100%), explainable reasoning
A4: Token Estimation
A5: Input Tokens / Call | B5: 1000 | C5: Editable
A6: Output Tokens / Call | B6: 300 | C6: Editable
A7: Calls / Case | B7: 1 | C7: Editable
A9: Unit Cost Calculation
A10: Input Cost / Call (USD) | B10: =B5/1000000*'Parameters'!B17
A11: Output Cost / Call (USD) | B11: =B6/1000000*'Parameters'!B18
A12: Cost / Call (USD) | B12: =B10+B11
A13: Cost / Case (USD) | B13: =B12*B7
A14: Cost / Case (JPY) | B14: =B13*'Parameters'!B32
A16: Monthly Cost (Production Equivalent)
A17: Monthly AI Fallback Cases | B17: ='Parameters'!B11
A18: Monthly Cost (USD) | B18: =B13*B17
A19: Monthly Cost (JPY) | B19: =B18*'Parameters'!B32
A21: Cost by Period
A22: Period | B22: USD | C22: JPY
A23: PoC Development | B23: =B18*'Parameters'!B23*'Parameters'!B24*'Parameters'!B25 | C23: =B23*'Parameters'!B32
A24: Client Validation | B24: =B18*'Parameters'!B26*'Parameters'!B27*'Parameters'!B28 | C24: =B24*'Parameters'!B32
A25: Production (Annual) | B25: =B18*'Parameters'!B29 | C25: =B25*'Parameters'!B32
A26: Total | B26: =SUM(B23:B25) | C26: =SUM(C23:C25)
A28: Sample Prompt (Reference)
A29: Score the confidence of the following root cause analysis.
A31: Analysis Result:
A32: - Category: timing (Settlement delay T+1)
A33: - Hypothesis: ¥15 difference from settlement rounding.
A34: 1-day delay within normal T+1 window.
A35: - Action: Apply tolerance match (±0.1%, ±1 business day)
A36: - Similar Cases: 2 matches (95%, 87% similarity)
A37: - Evidence: Case #892 had identical pattern, approved.
A39: Output:
A40: 1. confidence_score (0-100)
A41: 2. reasoning (explain score justification)
A42: 3. risk_factors (potential issues to flag)

Sheet Cost Summary
A1: AI Orchestrator Cost Summary
A2: ERP-GL Reconciliation - AI Investigation Fallback
A4: Monthly Cost by Function (Production Equivalent)
A5: Function | B5: Model | C5: USD/Case | D5: Monthly Cases | E5: Monthly USD | F5: Monthly JPY
A6: AI Investigator | B6: GPT-4o-mini | C6: ='AI Investigator'!B13 | D6: ='AI Investigator'!B17 | E6: ='AI Investigator'!B18 | F6: ='AI Investigator'!B19
A7: RAG Pipeline | B7: Embedding | C7: ='RAG Pipeline'!B13 | D7: ='RAG Pipeline'!B17 | E7: ='RAG Pipeline'!B18 | F7: ='RAG Pipeline'!B19
A8: Root Cause Analysis | B8: GPT-4.1 | C8: ='Root Cause Analysis'!B13 | D8: ='Root Cause Analysis'!B17 | E8: ='Root Cause Analysis'!B18 | F8: ='Root Cause Analysis'!B19
A9: Confidence Scorer | B9: GPT-4o-mini | C9: ='Confidence Scorer'!B13 | D9: ='Confidence Scorer'!B17 | E9: ='Confidence Scorer'!B18 | F9: ='Confidence Scorer'!B19
A10: Monthly Total | E10: =SUM(E6:E9) | F10: =SUM(F6:F9)
A12: Cost Estimate by Period
A13: Period | B13: Months | C13: Volume Ratio | D13: Multiplier | E13: Total USD | F13: Total JPY
A14: PoC Development | B14: ='Parameters'!B23 | C14: ='Parameters'!B24 | D14: ='Parameters'!B25 | E14: ='AI Investigator'!B23+'RAG Pipeline'!B23+'Root Cause Analysis'!B23+'Confidence Scorer'!B23 | F14: =E14*'Parameters'!B32
A15: Client Validation | B15: ='Parameters'!B26 | C15: ='Parameters'!B27 | D15: ='Parameters'!B28 | E15: ='AI Investigator'!B24+'RAG Pipeline'!B24+'Root Cause Analysis'!B24+'Confidence Scorer'!B24 | F15: =E15*'Parameters'!B32
A16: Production (Annual) | B16: ='Parameters'!B29 | C16: 1 | D16: 1 | E16: ='AI Investigator'!B25+'RAG Pipeline'!B25+'Root Cause Analysis'!B25+'Confidence Scorer'!B25 | F16: =E16*'Parameters'!B32
A17: Grand Total | E17: =SUM(E14:E16) | F17: =SUM(F14:F16)
A19: Assumptions
A20: Pricing based on Azure OpenAI Global Standard (pay-as-you-go) published rates as of 2025
A21: PoC period: 10% of production volume, 3x iteration multiplier for prompt tuning & testing
A22: Client validation: 50% of production volume, 1.5x iteration multiplier for fine-tuning
A23: Production: 100% volume, 12 months/year
A24: Prompt Caching not applied (up to 75% input cost reduction possible when enabled)
A25: Token counts are estimates based on sample prompts (see each function sheet)
